{
    "$schema": "https://schema.management.azure.com/schemas/2015-01-01/deploymentParameters.json#",
    "contentVersion": "1.0.0.0",
    "parameters": {
        "factoryName": {
            "value": "project-rebrickable"
        },
        "AzureFunction1_functionKey": {
            "value": ""
        },
        "AzureDataLakeStorage1_accountKey": {
            "value": ""
        },
        "AzureSqlDatabase1_password": {
            "value": ""
        },
        "AzureDatabricks1_accessToken": {
            "value": ""
        },
        "AzureFunction1_properties_typeProperties_functionAppUrl": {
            "value": "https://project-rebrickable-1.azurewebsites.net"
        },
        "AzureDataLakeStorage1_properties_typeProperties_url": {
            "value": "https://datalakeprojectrebrickab.dfs.core.windows.net/"
        },
        "LS_HTTP_Rebrickable_properties_typeProperties_url": {
            "value": "@{linkedService().baseUrlParam}"
        },
        "AzureSqlDatabase1_properties_typeProperties_server": {
            "value": "rebrickable-oltp.database.windows.net"
        },
        "AzureSqlDatabase1_properties_typeProperties_database": {
            "value": "oltp_rebrickable"
        },
        "AzureSqlDatabase1_properties_typeProperties_userName": {
            "value": "nicolasgonzalez"
        },
        "AzureDatabricks1_properties_typeProperties_existingClusterId": {
            "value": "0325-195226-kmah67yn"
        },
        "containerUri": {
            "value": ""
        },
        "containerSasToken": {
            "value": ""
        }
    }
}