{
    "$schema": "http://schema.management.azure.com/schemas/2015-01-01/deploymentTemplate.json#",
    "contentVersion": "1.0.0.0",
    "parameters": {
        "factoryName": {
            "type": "string",
            "metadata": "Data Factory name",
            "defaultValue": "project-rebrickable"
        },
        "AzureFunction1_functionKey": {
            "type": "secureString",
            "metadata": "Secure string for 'functionKey' of 'AzureFunction1'"
        },
        "AzureDataLakeStorage1_accountKey": {
            "type": "secureString",
            "metadata": "Secure string for 'accountKey' of 'AzureDataLakeStorage1'"
        },
        "AzureSqlDatabase1_password": {
            "type": "secureString",
            "metadata": "Secure string for 'password' of 'AzureSqlDatabase1'"
        },
        "AzureDatabricks1_accessToken": {
            "type": "secureString",
            "metadata": "Secure string for 'accessToken' of 'AzureDatabricks1'"
        },
        "AzureFunction1_properties_typeProperties_functionAppUrl": {
            "type": "string",
            "defaultValue": "https://project-rebrickable-1.azurewebsites.net"
        },
        "AzureDataLakeStorage1_properties_typeProperties_url": {
            "type": "string",
            "defaultValue": "https://datalakeprojectrebrickab.dfs.core.windows.net/"
        },
        "LS_HTTP_Rebrickable_properties_typeProperties_url": {
            "type": "string",
            "defaultValue": "@{linkedService().baseUrlParam}"
        },
        "AzureSqlDatabase1_properties_typeProperties_server": {
            "type": "string",
            "defaultValue": "rebrickable-oltp.database.windows.net"
        },
        "AzureSqlDatabase1_properties_typeProperties_database": {
            "type": "string",
            "defaultValue": "oltp_rebrickable"
        },
        "AzureSqlDatabase1_properties_typeProperties_userName": {
            "type": "string",
            "defaultValue": "nicolasgonzalez"
        },
        "AzureDatabricks1_properties_typeProperties_existingClusterId": {
            "type": "string",
            "defaultValue": "0325-195226-kmah67yn"
        },
        "containerUri": {
            "type": "string",
            "metadata": "URI to storage account containing linked ARM templates"
        },
        "containerSasToken": {
            "type": "string",
            "metadata": "Sas token to storage account containing linked ARM templates"
        }
    },
    "variables": {
        "factoryId": "[concat('Microsoft.DataFactory/factories/', parameters('factoryName'))]"
    },
    "resources": [
        {
            "name": "project-rebrickable_ArmTemplate_0",
            "type": "Microsoft.Resources/deployments",
            "apiVersion": "2024-03-01",
            "properties": {
                "mode": "incremental",
                "templateLink": {
                    "uri": "[concat(parameters('containerUri'), '/ArmTemplate_0.json', parameters('containerSasToken'))]",
                    "contentVersion": "1.0.0.0"
                },
                "parameters": {
                    "factoryName": {
                        "value": "[parameters('factoryName')]"
                    },
                    "AzureFunction1_functionKey": {
                        "value": "[parameters('AzureFunction1_functionKey')]"
                    },
                    "AzureDataLakeStorage1_accountKey": {
                        "value": "[parameters('AzureDataLakeStorage1_accountKey')]"
                    },
                    "AzureSqlDatabase1_password": {
                        "value": "[parameters('AzureSqlDatabase1_password')]"
                    },
                    "AzureDatabricks1_accessToken": {
                        "value": "[parameters('AzureDatabricks1_accessToken')]"
                    },
                    "AzureFunction1_properties_typeProperties_functionAppUrl": {
                        "value": "[parameters('AzureFunction1_properties_typeProperties_functionAppUrl')]"
                    },
                    "AzureDataLakeStorage1_properties_typeProperties_url": {
                        "value": "[parameters('AzureDataLakeStorage1_properties_typeProperties_url')]"
                    },
                    "LS_HTTP_Rebrickable_properties_typeProperties_url": {
                        "value": "[parameters('LS_HTTP_Rebrickable_properties_typeProperties_url')]"
                    },
                    "AzureSqlDatabase1_properties_typeProperties_server": {
                        "value": "[parameters('AzureSqlDatabase1_properties_typeProperties_server')]"
                    },
                    "AzureSqlDatabase1_properties_typeProperties_database": {
                        "value": "[parameters('AzureSqlDatabase1_properties_typeProperties_database')]"
                    },
                    "AzureSqlDatabase1_properties_typeProperties_userName": {
                        "value": "[parameters('AzureSqlDatabase1_properties_typeProperties_userName')]"
                    },
                    "AzureDatabricks1_properties_typeProperties_existingClusterId": {
                        "value": "[parameters('AzureDatabricks1_properties_typeProperties_existingClusterId')]"
                    }
                }
            },
            "dependsOn": []
        }
    ]
}